{
  "номер плавки": 2005530,
  "б процент расплава": 126.25840759277344,
  "температура": 1593,
  "б эрекер 1": 83,
  "б эрекер 2": 1597,
  "кислород": 3187.6845703125
}